{
	"id": "demo-spring-boot-env",
	"name": "Demo Spring Boot - Local Environment",
	"values": [
		{
			"key": "baseUrl",
			"value": "http://localhost:9091",
			"type": "default",
			"enabled": true
		},
		{
			"key": "host",
			"value": "localhost",
			"type": "default",
			"enabled": true
		},
		{
			"key": "port",
			"value": "9091",
			"type": "default",
			"enabled": true
		},
		{
			"key": "apiVersion",
			"value": "v1",
			"type": "default",
			"enabled": true
		},
		{
			"key": "userId",
			"value": "1",
			"type": "default",
			"enabled": true,
			"description": "Sample user ID for testing"
		},
		{
			"key": "employeeId",
			"value": "123",
			"type": "default",
			"enabled": true,
			"description": "Sample employee ID for testing"
		}
	],
	"_postman_variable_scope": "environment",
	"_postman_exported_at": "2025-10-30T00:00:00.000Z",
	"_postman_exported_using": "Postman/10.0.0"
}
