{
	"info": {
		"_postman_id": "demo-spring-boot-api",
		"name": "Demo Spring Boot API - Complete Collection",
		"description": "Complete Postman collection for Spring Boot Demo Application including JDBC, Hibernate, Spring Data JPA endpoints and Actuators",
		"schema": "https://schema.getpostman.com/json/collection/v2.1.0/collection.json"
	},
	"item": [
		{
			"name": "Hello Controller",
			"item": [
				{
					"name": "Say Hello",
					"request": {
						"method": "GET",
						"header": [],
						"url": {
							"raw": "http://localhost:9091/v1/root/hello",
							"protocol": "http",
							"host": ["localhost"],
							"port": "9091",
							"path": ["v1", "root", "hello"]
						},
						"description": "Simple hello endpoint"
					},
					"response": []
				},
				{
					"name": "Get Employee by ID",
					"request": {
						"method": "GET",
						"header": [],
						"url": {
							"raw": "http://localhost:9091/v1/root/employee/123",
							"protocol": "http",
							"host": ["localhost"],
							"port": "9091",
							"path": ["v1", "root", "employee", "123"]
						},
						"description": "Get employee by path variable"
					},
					"response": []
				},
				{
					"name": "Greet with Request Param",
					"request": {
						"method": "POST",
						"header": [],
						"url": {
							"raw": "http://localhost:9091/v1/root/greet?name=John",
							"protocol": "http",
							"host": ["localhost"],
							"port": "9091",
							"path": ["v1", "root", "greet"],
							"query": [
								{
									"key": "name",
									"value": "John"
								}
							]
						},
						"description": "Greet using request parameter"
					},
					"response": []
				},
				{
					"name": "Greet with Path Variable",
					"request": {
						"method": "POST",
						"header": [],
						"url": {
							"raw": "http://localhost:9091/v1/root/greet/John",
							"protocol": "http",
							"host": ["localhost"],
							"port": "9091",
							"path": ["v1", "root", "greet", "John"]
						},
						"description": "Greet using path variable"
					},
					"response": []
				}
			],
			"description": "Basic hello world and greeting endpoints"
		},
		{
			"name": "JDBC Implementation",
			"item": [
				{
					"name": "Create User (JDBC)",
					"request": {
						"method": "POST",
						"header": [
							{
								"key": "Content-Type",
								"value": "application/json"
							}
						],
						"body": {
							"mode": "raw",
							"raw": "{\n    \"firstName\": \"John\",\n    \"lastName\": \"Doe\",\n    \"email\": \"john.doe@example.com\"\n}"
						},
						"url": {
							"raw": "http://localhost:9091/v1/api/jdbc/user",
							"protocol": "http",
							"host": ["localhost"],
							"port": "9091",
							"path": ["v1", "api", "jdbc", "user"]
						},
						"description": "Create a new user using JDBC (raw SQL with JdbcTemplate)"
					},
					"response": []
				},
				{
					"name": "Get User by ID (JDBC)",
					"request": {
						"method": "GET",
						"header": [],
						"url": {
							"raw": "http://localhost:9091/v1/api/jdbc/user/1",
							"protocol": "http",
							"host": ["localhost"],
							"port": "9091",
							"path": ["v1", "api", "jdbc", "user", "1"]
						},
						"description": "Get a user by ID using JDBC"
					},
					"response": []
				},
				{
					"name": "Get All Users (JDBC)",
					"request": {
						"method": "GET",
						"header": [],
						"url": {
							"raw": "http://localhost:9091/v1/api/jdbc/users",
							"protocol": "http",
							"host": ["localhost"],
							"port": "9091",
							"path": ["v1", "api", "jdbc", "users"]
						},
						"description": "Get all users using JDBC"
					},
					"response": []
				},
				{
					"name": "Update User (JDBC)",
					"request": {
						"method": "PUT",
						"header": [
							{
								"key": "Content-Type",
								"value": "application/json"
							}
						],
						"body": {
							"mode": "raw",
							"raw": "{\n    \"firstName\": \"John Updated\",\n    \"lastName\": \"Doe Updated\",\n    \"email\": \"john.updated@example.com\"\n}"
						},
						"url": {
							"raw": "http://localhost:9091/v1/api/jdbc/user/1",
							"protocol": "http",
							"host": ["localhost"],
							"port": "9091",
							"path": ["v1", "api", "jdbc", "user", "1"]
						},
						"description": "Update a user using JDBC"
					},
					"response": []
				},
				{
					"name": "Delete User (JDBC)",
					"request": {
						"method": "DELETE",
						"header": [],
						"url": {
							"raw": "http://localhost:9091/v1/api/jdbc/user/1",
							"protocol": "http",
							"host": ["localhost"],
							"port": "9091",
							"path": ["v1", "api", "jdbc", "user", "1"]
						},
						"description": "Delete a user using JDBC"
					},
					"response": []
				}
			],
			"description": "JDBC implementation endpoints using JdbcTemplate with raw SQL queries"
		},
		{
			"name": "Hibernate Implementation",
			"item": [
				{
					"name": "Create User (Hibernate)",
					"request": {
						"method": "POST",
						"header": [
							{
								"key": "Content-Type",
								"value": "application/json"
							}
						],
						"body": {
							"mode": "raw",
							"raw": "{\n    \"firstName\": \"Jane\",\n    \"lastName\": \"Smith\",\n    \"email\": \"jane.smith@example.com\"\n}"
						},
						"url": {
							"raw": "http://localhost:9091/v1/api/hibernate/user",
							"protocol": "http",
							"host": ["localhost"],
							"port": "9091",
							"path": ["v1", "api", "hibernate", "user"]
						},
						"description": "Create a new user using Hibernate (EntityManager with JPQL)"
					},
					"response": []
				},
				{
					"name": "Get User by ID (Hibernate)",
					"request": {
						"method": "GET",
						"header": [],
						"url": {
							"raw": "http://localhost:9091/v1/api/hibernate/user/1",
							"protocol": "http",
							"host": ["localhost"],
							"port": "9091",
							"path": ["v1", "api", "hibernate", "user", "1"]
						},
						"description": "Get a user by ID using Hibernate"
					},
					"response": []
				},
				{
					"name": "Get All Users (Hibernate)",
					"request": {
						"method": "GET",
						"header": [],
						"url": {
							"raw": "http://localhost:9091/v1/api/hibernate/users",
							"protocol": "http",
							"host": ["localhost"],
							"port": "9091",
							"path": ["v1", "api", "hibernate", "users"]
						},
						"description": "Get all users using Hibernate"
					},
					"response": []
				},
				{
					"name": "Update User (Hibernate)",
					"request": {
						"method": "PUT",
						"header": [
							{
								"key": "Content-Type",
								"value": "application/json"
							}
						],
						"body": {
							"mode": "raw",
							"raw": "{\n    \"firstName\": \"Jane Updated\",\n    \"lastName\": \"Smith Updated\",\n    \"email\": \"jane.updated@example.com\"\n}"
						},
						"url": {
							"raw": "http://localhost:9091/v1/api/hibernate/user/1",
							"protocol": "http",
							"host": ["localhost"],
							"port": "9091",
							"path": ["v1", "api", "hibernate", "user", "1"]
						},
						"description": "Update a user using Hibernate"
					},
					"response": []
				},
				{
					"name": "Delete User (Hibernate)",
					"request": {
						"method": "DELETE",
						"header": [],
						"url": {
							"raw": "http://localhost:9091/v1/api/hibernate/user/1",
							"protocol": "http",
							"host": ["localhost"],
							"port": "9091",
							"path": ["v1", "api", "hibernate", "user", "1"]
						},
						"description": "Delete a user using Hibernate"
					},
					"response": []
				}
			],
			"description": "Hibernate implementation endpoints using EntityManager with JPQL queries"
		},
		{
			"name": "Spring Data JPA Implementation",
			"item": [
				{
					"name": "Create User (JPA)",
					"request": {
						"method": "POST",
						"header": [
							{
								"key": "Content-Type",
								"value": "application/json"
							}
						],
						"body": {
							"mode": "raw",
							"raw": "{\n    \"firstName\": \"Bob\",\n    \"lastName\": \"Johnson\",\n    \"email\": \"bob.johnson@example.com\"\n}"
						},
						"url": {
							"raw": "http://localhost:9091/v1/api/jpa/user",
							"protocol": "http",
							"host": ["localhost"],
							"port": "9091",
							"path": ["v1", "api", "jpa", "user"]
						},
						"description": "Create a new user using Spring Data JPA (JpaRepository)"
					},
					"response": []
				},
				{
					"name": "Get User by ID (JPA)",
					"request": {
						"method": "GET",
						"header": [],
						"url": {
							"raw": "http://localhost:9091/v1/api/jpa/user/1",
							"protocol": "http",
							"host": ["localhost"],
							"port": "9091",
							"path": ["v1", "api", "jpa", "user", "1"]
						},
						"description": "Get a user by ID using Spring Data JPA"
					},
					"response": []
				},
				{
					"name": "Get All Users (JPA)",
					"request": {
						"method": "GET",
						"header": [],
						"url": {
							"raw": "http://localhost:9091/v1/api/jpa/users",
							"protocol": "http",
							"host": ["localhost"],
							"port": "9091",
							"path": ["v1", "api", "jpa", "users"]
						},
						"description": "Get all users using Spring Data JPA"
					},
					"response": []
				},
				{
					"name": "Update User (JPA)",
					"request": {
						"method": "PUT",
						"header": [
							{
								"key": "Content-Type",
								"value": "application/json"
							}
						],
						"body": {
							"mode": "raw",
							"raw": "{\n    \"firstName\": \"Bob Updated\",\n    \"lastName\": \"Johnson Updated\",\n    \"email\": \"bob.updated@example.com\"\n}"
						},
						"url": {
							"raw": "http://localhost:9091/v1/api/jpa/user/1",
							"protocol": "http",
							"host": ["localhost"],
							"port": "9091",
							"path": ["v1", "api", "jpa", "user", "1"]
						},
						"description": "Update a user using Spring Data JPA"
					},
					"response": []
				},
				{
					"name": "Delete User (JPA)",
					"request": {
						"method": "DELETE",
						"header": [],
						"url": {
							"raw": "http://localhost:9091/v1/api/jpa/user/1",
							"protocol": "http",
							"host": ["localhost"],
							"port": "9091",
							"path": ["v1", "api", "jpa", "user", "1"]
						},
						"description": "Delete a user using Spring Data JPA"
					},
					"response": []
				}
			],
			"description": "Spring Data JPA implementation endpoints using JpaRepository interface"
		},
		{
			"name": "Actuator Endpoints",
			"item": [
				{
					"name": "Health Check",
					"request": {
						"method": "GET",
						"header": [],
						"url": {
							"raw": "http://localhost:9091/actuator/health",
							"protocol": "http",
							"host": ["localhost"],
							"port": "9091",
							"path": ["actuator", "health"]
						},
						"description": "Check application health status with detailed information"
					},
					"response": []
				},
				{
					"name": "Cache Information",
					"request": {
						"method": "GET",
						"header": [],
						"url": {
							"raw": "http://localhost:9091/actuator/caches",
							"protocol": "http",
							"host": ["localhost"],
							"port": "9091",
							"path": ["actuator", "caches"]
						},
						"description": "Get cache information and statistics"
					},
					"response": []
				},
				{
					"name": "Actuator Root",
					"request": {
						"method": "GET",
						"header": [],
						"url": {
							"raw": "http://localhost:9091/actuator",
							"protocol": "http",
							"host": ["localhost"],
							"port": "9091",
							"path": ["actuator"]
						},
						"description": "List all available actuator endpoints"
					},
					"response": []
				}
			],
			"description": "Spring Boot Actuator endpoints for monitoring and management"
		}
	],
	"variable": [
		{
			"key": "baseUrl",
			"value": "http://localhost:9091",
			"type": "string"
		},
		{
			"key": "userId",
			"value": "1",
			"type": "string"
		}
	]
}
